Start Year,Region,Total Deaths,No Affected,Total Damages ('000 US$),Insured Damages ('000 US$)
1900,Caribbean,300.0,0.0,0.0,0.0
1903,Northern America,250.0,0.0,480000.0,0.0
1906,Western Europe,6.0,0.0,0.0,0.0
1909,Northern America,72.0,0.0,0.0,0.0
1910,Eastern Asia,1379.0,0.0,0.0,0.0
1911,Eastern Asia,100000.0,0.0,0.0,0.0
1915,Eastern Asia,0.0,3000000.0,0.0,0.0
1917,Eastern Asia,0.0,635000.0,0.0,0.0
1920,Western Europe,0.0,0.0,20000.0,0.0
1925,Western Europe,0.0,0.0,19000.0,0.0
1926,Eastern Europe,1000.0,0.0,0.0,0.0
1926,Southern Asia,0.0,0.0,0.0,0.0
1926,Western Europe,0.0,0.0,31000.0,0.0
1927,Northern Africa,3000.0,0.0,0.0,0.0
1927,Northern America,246.0,0.0,230.0,0.0
1928,Southern Asia,36.0,0.0,0.0,0.0
1928,Western Europe,0.0,6000.0,0.0,0.0
1930,Western Europe,0.0,0.0,0.0,0.0
1931,Eastern Asia,3700000.0,0.0,1400000.0,0.0
1933,Caribbean,53.0,0.0,0.0,0.0
1933,Eastern Asia,18000.0,0.0,0.0,0.0
1935,Eastern Asia,142000.0,10030000.0,0.0,0.0
1936,Northern America,200.0,0.0,0.0,0.0
1937,Caribbean,111.0,0.0,0.0,0.0
1937,Northern America,137.0,0.0,438000.0,0.0
1938,Australia and New Zealand,21.0,0.0,0.0,0.0
1938,Eastern Asia,933.0,0.0,0.0,0.0
1939,Eastern Asia,500000.0,0.0,0.0,0.0
1939,Southern Europe,10.0,0.0,0.0,0.0
1940,Caribbean,125.0,0.0,0.0,0.0
1943,Eastern Asia,990.0,0.0,0.0,0.0
1943,Northern America,0.0,0.0,900000.0,0.0
1947,Eastern Asia,2000.0,0.0,0.0,0.0
1948,Eastern Asia,330.0,0.0,0.0,0.0
1948,Northern America,55.0,0.0,0.0,0.0
1948,South America,200.0,0.0,0.0,0.0
1948,Western Asia,332.0,0.0,0.0,0.0
1949,Central America,40000.0,0.0,15000.0,0.0
1949,Eastern Asia,57000.0,0.0,0.0,0.0
1950,Eastern Asia,627.0,10000000.0,0.0,0.0
1950,Northern America,34.0,107000.0,100000.0,0.0
1950,South America,50.0,0.0,0.0,0.0
1950,Southern Asia,3097.0,25000.0,0.0,0.0
1951,Eastern Asia,5106.0,318534.0,0.0,0.0
1951,Northern Africa,131.0,0.0,0.0,0.0
1951,Northern America,41.0,0.0,1029000.0,0.0
1951,Southern Asia,225.0,0.0,0.0,0.0
1951,Southern Europe,163.0,0.0,300000.0,0.0
1952,Central America,140.0,0.0,0.0,0.0
1952,Northern Africa,25.0,0.0,0.0,0.0
1952,Northern Europe,34.0,0.0,0.0,0.0
1953,Eastern Asia,3967.0,1886760.0,0.0,0.0
1953,South America,71.0,0.0,0.0,0.0
1953,South-Eastern Asia,114.0,0.0,0.0,0.0
1953,Southern Asia,812.0,0.0,0.0,0.0
1953,Southern Europe,150.0,0.0,0.0,0.0
1953,Western Europe,2011.0,300350.0,300000.0,0.0
1954,Eastern Asia,32000.0,0.0,0.0,0.0
1954,Northern Africa,30.0,0.0,0.0,0.0
1954,Southern Asia,2406.0,0.0,0.0,0.0
1954,Western Asia,0.0,0.0,50000.0,0.0
1955,Australia and New Zealand,70.0,0.0,0.0,0.0
1955,Northern America,74.0,0.0,0.0,0.0
1955,Western Asia,440.0,0.0,0.0,0.0
1956,Eastern Asia,2000.0,0.0,0.0,0.0
1956,Southern Asia,1471.0,0.0,0.0,0.0
1956,Western Asia,138.0,0.0,0.0,0.0
1956,Western Europe,4.0,0.0,0.0,0.0
1957,Eastern Asia,1799.0,258240.0,0.0,0.0
1957,South America,112.0,0.0,0.0,0.0
1957,Southern Asia,384.0,10000.0,0.0,0.0
1957,Southern Europe,77.0,0.0,0.0,0.0
1957,Western Asia,99.0,0.0,0.0,0.0
1958,South America,360.0,0.0,0.0,0.0
1958,Southern Asia,5.0,5000.0,0.0,0.0
1958,Western Europe,35.0,0.0,0.0,0.0
1959,Caribbean,50.0,0.0,0.0,0.0
1959,Central America,2000.0,0.0,0.0,0.0
1959,Eastern Asia,2000290.0,0.0,0.0,0.0
1959,South America,284.0,0.0,0.0,0.0
1959,Southern Africa,51.0,0.0,0.0,0.0
1959,Southern Asia,721.0,13000.0,0.0,0.0
1960,Central America,325.0,0.0,0.0,0.0
1960,Eastern Asia,15.0,7000.0,0.0,0.0
1960,Southern Asia,10237.0,160000.0,0.0,0.0
1961,Eastern Africa,200.0,0.0,0.0,0.0
1961,Eastern Asia,606.0,1302384.0,0.0,0.0
1961,Southern Asia,3057.0,0.0,0.0,0.0
1962,Caribbean,26.0,0.0,0.0,0.0
1962,Eastern Asia,361.0,0.0,0.0,0.0
1962,Northern Africa,40.0,0.0,0.0,0.0
1962,South America,135.0,0.0,0.0,0.0
1962,Southern Asia,173.0,0.0,0.0,0.0
1962,Southern Europe,445.0,0.0,80000.0,0.0
1963,Caribbean,500.0,0.0,0.0,0.0
1963,Northern Africa,169.0,80400.0,0.0,0.0
1963,Southern Asia,337.0,0.0,0.0,0.0
1963,Western Asia,25.0,0.0,0.0,0.0
1964,Eastern Africa,0.0,25000.0,0.0,0.0
1964,Eastern Asia,136.0,0.0,0.0,0.0
1964,Melanesia,1.0,8000.0,1100.0,0.0
1964,Northern Africa,125.0,21000.0,3000.0,0.0
1964,Northern America,109.0,0.0,820000.0,0.0
1964,South America,100.0,120000.0,500.0,0.0
1964,South-Eastern Asia,400.0,0.0,0.0,0.0
1964,Southern Asia,232.0,1845037.0,6000.0,0.0
1964,Southern Europe,0.0,200000.0,62600.0,0.0
1964,Western Asia,20.0,4000.0,0.0,0.0
1965,Central America,27.0,6000.0,8500.0,0.0
1965,Eastern Asia,465.0,3321000.0,126500.0,0.0
1965,Northern Africa,75.0,47813.0,5000.0,0.0
1965,South America,728.0,655500.0,33100.0,0.0
1965,South-Eastern Asia,40.0,300000.0,1000.0,0.0
1965,Southern Europe,58.0,80000.0,347000.0,0.0
1965,Western Asia,8.0,500.0,1000.0,0.0
1966,Central America,20.0,1600.0,1000.0,0.0
1966,Eastern Asia,217.0,390465.0,34900.0,0.0
1966,Northern Africa,57.0,20000.0,10000.0,0.0
1966,South America,636.0,308371.0,92532.0,0.0
1966,South-Eastern Asia,513.0,919541.0,59300.0,0.0
1966,Southern Asia,151.0,1652347.0,7400.0,0.0
1966,Southern Europe,70.0,0.0,2000000.0,0.0
1966,Western Africa,0.0,2000.0,50.0,0.0
1966,Western Asia,259.0,3200.0,1400.0,0.0
1967,Central America,0.0,8345.0,500.0,0.0
1967,Eastern Africa,0.0,51200.0,180500.0,0.0
1967,Eastern Asia,489.0,117.0,20000.0,0.0
1967,Northern Africa,20.0,30000.0,3000.0,0.0
1967,South America,909.0,435899.0,76526.0,0.0
1967,South-Eastern Asia,210.0,289000.0,25600.0,0.0
1967,Southern Asia,356.0,1197000.0,5800.0,0.0
1967,Southern Europe,462.0,1000.0,3000.0,0.0
1967,Western Asia,0.0,240000.0,10000.0,0.0
1968,Central America,0.0,1300.0,1500.0,0.0
1968,Eastern Africa,41.0,67000.0,1970.0,0.0
1968,South America,24.0,20000.0,3000.0,0.0
1968,South-Eastern Asia,43.0,159000.0,9111.0,0.0
1968,Southern Africa,0.0,0.0,30000.0,0.0
1968,Southern Asia,6979.0,23411892.0,293900.0,0.0
1968,Southern Europe,72.0,0.0,0.0,0.0
1968,Western Africa,0.0,25000.0,74700.0,0.0
1968,Western Asia,147.0,150000.0,3000.0,0.0
1969,Central America,7.0,4580.0,4000.0,0.0
1969,Eastern Africa,0.0,2300.0,200.0,0.0
1969,Eastern Asia,408.0,229264.0,22400.0,0.0
1969,Northern Africa,616.0,471269.0,110000.0,0.0
1969,Northern America,115.0,0.0,400000.0,0.0
1969,South America,316.0,92300.0,6320.0,0.0
1969,South-Eastern Asia,0.0,0.0,0.0,0.0
1969,Southern Asia,82.0,1000000.0,8500.0,0.0
1970,Caribbean,63.0,200.0,500.0,0.0
1970,Central America,107.0,59045.0,45000.0,0.0
1970,Eastern Asia,28.0,8070.0,0.0,0.0
1970,Eastern Europe,515.0,238755.0,585000.0,0.0
1970,Northern Africa,11.0,266441.0,30000.0,0.0
1970,South America,638.0,5389971.0,215570.0,0.0
1970,South-Eastern Asia,470.0,447000.0,37000.0,0.0
1970,Southern Asia,1377.0,20020000.0,126200.0,0.0
1970,Southern Europe,37.0,1300000.0,268300.0,0.0
1970,Western Africa,0.0,0.0,200.0,0.0
1971,Australia and New Zealand,27.0,0.0,20000.0,0.0
1971,Eastern Africa,500.0,500000.0,0.0,0.0
1971,South America,540.0,391400.0,6100.0,0.0
1971,South-Eastern Asia,14.0,100000.0,200.0,0.0
1971,Southern Asia,1323.0,165000.0,530000.0,0.0
1971,Western Europe,0.0,600.0,0.0,0.0
1972,Caribbean,78.0,40000.0,959.0,0.0
1972,Central America,37.0,100300.0,50.0,0.0
1972,Eastern Asia,1343.0,809761.0,73434.0,0.0
1972,Northern America,237.0,3000.0,120000.0,0.0
1972,South-Eastern Asia,653.0,2400000.0,220000.0,0.0
1972,Southern Africa,0.0,1000.0,50.0,0.0
1972,Southern Asia,200.0,250000.0,0.0,0.0
1972,Southern Europe,0.0,0.0,20000.0,0.0
1972,Western Asia,0.0,0.0,0.0,0.0
1973,Australia and New Zealand,12.0,11000.0,71000.0,0.0
1973,Central America,142.0,155000.0,102500.0,0.0
1973,Middle Africa,0.0,13000.0,0.0,0.0
1973,Northern Africa,132.0,129240.0,15000.0,0.0
1973,Northern America,56.0,0.0,500000.0,0.0
1973,South America,29.0,5000.0,16000.0,0.0
1973,South-Eastern Asia,3.0,5000.0,493.0,0.0
1973,Southern Asia,901.0,4800000.0,661500.0,0.0
1973,Southern Europe,500.0,0.0,400000.0,0.0
1973,Western Asia,60.0,0.0,0.0,0.0
1974,Australia and New Zealand,14.0,0.0,5972.0,0.0
1974,Eastern Africa,25.0,1950000.0,3000.0,0.0
1974,Northern Africa,11.0,20000.0,30000.0,0.0
1974,Northern America,0.0,0.0,89500.0,0.0
1974,South America,268.0,383000.0,141500.0,0.0
1974,South-Eastern Asia,94.0,2601823.0,17800.0,0.0
1974,Southern Africa,26.0,0.0,0.0,0.0
1974,Southern Asia,28960.0,36000000.0,579200.0,0.0
1974,Western Africa,0.0,16000.0,1000.0,0.0
1974,Western Asia,33.0,130000.0,39000.0,0.0
1975,Australia and New Zealand,0.0,0.0,54684.0,0.0
1975,Caribbean,0.0,0.0,4700.0,0.0
1975,Eastern Africa,1.0,91000.0,0.0,0.0
1975,Eastern Asia,20003.0,11003106.0,0.0,0.0
1975,Eastern Europe,60.0,1000000.0,50000.0,0.0
1975,Northern Africa,25.0,157000.0,0.0,0.0
1975,South America,118.0,748000.0,254900.0,0.0
1975,South-Eastern Asia,239.0,3000099.0,45000.0,0.0
1975,Southern Asia,350.0,27000000.0,714259.0,0.0
1975,Western Asia,52.0,50000.0,12700.0,0.0
1976,Australia and New Zealand,0.0,10129.0,0.0,0.0
1976,Central America,36.0,23000.0,0.0,0.0
1976,Eastern Africa,0.0,50000.0,0.0,0.0
1976,Eastern Asia,0.0,200.0,40000.0,0.0
1976,Northern America,139.0,0.0,61000.0,0.0
1976,South America,47.0,0.0,0.0,0.0
1976,South-Eastern Asia,181.0,35878.0,1553.0,0.0
1976,Southern Asia,557.0,9646000.0,505000.0,0.0
1977,Australia and New Zealand,0.0,120.0,17686.0,0.0
1977,Caribbean,7.0,18000.0,0.0,0.0
1977,Eastern Africa,407.0,561000.0,68000.0,0.0
1977,Eastern Asia,365.0,95037.0,46000.0,0.0
1977,Eastern Europe,0.0,1000.0,0.0,0.0
1977,Northern Africa,0.0,0.0,0.0,0.0
1977,Northern America,140.0,2700.0,200000.0,0.0
1977,Northern Europe,6.0,0.0,171000.0,0.0
1977,South America,93.0,154140.0,11000.0,0.0
1977,South-Eastern Asia,49.0,300299.0,1913.0,0.0
1977,Southern Africa,4.0,1000.0,0.0,0.0
1977,Southern Asia,1421.0,2035650.0,0.0,0.0
1977,Southern Europe,50.0,2600.0,222000.0,0.0
1977,Western Africa,0.0,0.0,0.0,0.0
1977,Western Europe,26.0,25000.0,0.0,0.0
1978,Australia and New Zealand,7.0,2726.0,20710.0,0.0
1978,Central America,25.0,9000.0,24300.0,0.0
1978,Eastern Africa,60.0,340000.0,63200.0,0.0
1978,Eastern Asia,35.0,17300.0,400.0,0.0
1978,Northern Africa,34.0,100000.0,25000.0,0.0
1978,Northern America,27.0,0.0,0.0,0.0
1978,South America,72.0,188600.0,2000.0,0.0
1978,South-Eastern Asia,324.0,6759100.0,400000.0,0.0
1978,Southern Africa,26.0,0.0,0.0,0.0
1978,Southern Asia,5280.0,34929044.0,218513.0,0.0
1978,Southern Europe,2.0,0.0,25000.0,0.0
1978,Western Africa,0.0,0.0,2000.0,0.0
1978,Western Europe,5.0,1000.0,330000.0,0.0
1979,Caribbean,76.0,201000.0,0.0,0.0
1979,Central America,1.0,147000.0,13000.0,0.0
1979,Eastern Africa,0.0,110000.0,0.0,0.0
1979,Eastern Asia,23.0,28000.0,0.0,0.0
1979,Northern Africa,66.0,102310.0,14000.0,0.0
1979,Northern America,0.0,0.0,19000.0,0.0
1979,South America,362.0,1740000.0,0.0,0.0
1979,South-Eastern Asia,164.0,56500.0,10183.0,0.0
1979,Southern Asia,266.0,28003200.0,100000.0,0.0
1979,Southern Europe,80.0,47000.0,32100.0,0.0
1980,Australia and New Zealand,0.0,2900.0,0.0,0.0
1980,Central America,105.0,141350.0,87000.0,0.0
1980,Eastern Asia,6323.0,80000.0,160000.0,0.0
1980,Eastern Europe,0.0,4500.0,0.0,0.0
1980,Northern America,36.0,111000.0,350000.0,0.0
1980,South America,218.0,362000.0,0.0,0.0
1980,South-Eastern Asia,306.0,1286926.0,63100.0,0.0
1980,Southern Asia,3397.0,42967300.0,470000.0,0.0
1980,Western Asia,75.0,60000.0,15000.0,0.0
1980,Western Europe,6.0,300.0,0.0,0.0
1981,Australia and New Zealand,2.0,2250.0,199515.0,0.0
1981,Caribbean,20.0,150000.0,0.0,0.0
1981,Central America,0.0,0.0,0.0,0.0
1981,Eastern Africa,30.0,652000.0,0.0,0.0
1981,Eastern Asia,2315.0,2954000.0,2300000.0,0.0
1981,Northern Africa,43.0,0.0,0.0,0.0
1981,Northern America,30.0,0.0,0.0,0.0
1981,Russian Federation,0.0,0.0,0.0,0.0
1981,South America,317.0,52000.0,11000.0,0.0
1981,South-Eastern Asia,862.0,653500.0,29200.0,0.0
1981,Southern Africa,104.0,0.0,1000.0,0.0
1981,Southern Asia,1450.0,16030100.0,250000.0,0.0
1981,Southern Europe,100.0,900.0,0.0,0.0
1981,Western Africa,0.0,5000.0,0.0,0.0
1981,Western Asia,10.0,15000.0,32200.0,0.0
1981,Western Europe,0.0,0.0,0.0,0.0
1982,Central America,1145.0,75000.0,494600.0,0.0
1982,Eastern Africa,75.0,49000.0,0.0,0.0
1982,Eastern Asia,793.0,628684.0,32000.0,0.0
1982,Eastern Europe,0.0,15000.0,53000.0,0.0
1982,Northern Africa,154.0,38500.0,90000.0,0.0
1982,Northern America,11.0,0.0,33900.0,0.0
1982,Russian Federation,0.0,0.0,0.0,0.0
1982,South America,729.0,923000.0,632100.0,0.0
1982,South-Eastern Asia,36.0,239853.0,60.0,0.0
1982,Southern Asia,1146.0,33923000.0,701000.0,0.0
1982,Southern Europe,77.0,225000.0,930000.0,0.0
1982,Western Africa,0.0,500000.0,0.0,0.0
1982,Western Asia,482.0,300000.0,975000.0,0.0
1982,Western Europe,0.0,0.0,0.0,0.0
1983,Australia and New Zealand,0.0,140.0,0.0,0.0
1983,Caribbean,15.0,164536.0,60000.0,0.0
1983,Eastern Asia,101.0,0.0,0.0,0.0
1983,Melanesia,56.0,13000.0,11900.0,0.0
1983,Northern Africa,0.0,102000.0,0.0,0.0
1983,Northern America,10.0,0.0,458000.0,0.0
1983,Russian Federation,0.0,1000.0,0.0,0.0
1983,South America,469.0,9510000.0,2280400.0,0.0
1983,South-Eastern Asia,91.0,1434315.0,7010.0,0.0
1983,Southern Asia,1258.0,8574300.0,10000.0,0.0
1983,Southern Europe,64.0,503600.0,3995000.0,0.0
1983,Western Africa,0.0,5000.0,1406.0,0.0
1983,Western Europe,18.0,3700.0,609500.0,0.0
1984,Australia and New Zealand,36.0,6805.0,23000.0,0.0
1984,Caribbean,0.0,0.0,0.0,0.0
1984,Central America,1.0,21000.0,0.0,0.0
1984,Eastern Asia,228.0,378984.0,165000.0,0.0
1984,Eastern Europe,0.0,2000.0,0.0,0.0
1984,Northern Africa,54.0,0.0,0.0,0.0
1984,Northern America,28.0,0.0,65000.0,0.0
1984,Russian Federation,0.0,0.0,0.0,0.0
1984,South America,263.0,363000.0,2000000.0,0.0
1984,South-Eastern Asia,90.0,1166340.0,404500.0,0.0
1984,Southern Asia,2230.0,49185000.0,92000.0,0.0
1984,Western Africa,0.0,4500.0,0.0,0.0
1984,Western Asia,0.0,200.0,0.0,0.0
1984,Western Europe,0.0,0.0,0.0,0.0
1985,Australia and New Zealand,4.0,270.0,5778.0,0.0
1985,Caribbean,512.0,3895.0,0.0,0.0
1985,Eastern Africa,17.0,508000.0,500.0,0.0
1985,Eastern Asia,1216.0,16366.0,702750.0,0.0
1985,Middle Africa,0.0,0.0,0.0,0.0
1985,Northern Africa,26.0,0.0,0.0,0.0
1985,Northern America,12.0,5550.0,12500.0,0.0
1985,Northern Europe,11.0,0.0,5800.0,0.0
1985,Russian Federation,0.0,10000.0,10000.0,0.0
1985,South America,176.0,1775000.0,1730000.0,0.0
1985,South-Eastern Asia,232.0,2817384.0,3600.0,0.0
1985,Southern Africa,0.0,80000.0,0.0,0.0
1985,Southern Asia,1736.0,11437500.0,808000.0,0.0
1985,Southern Europe,329.0,0.0,15000.0,0.0
1985,Western Africa,61.0,360000.0,12800.0,0.0
1985,Western Asia,32.0,0.0,450000.0,0.0
1985,Western Europe,12.0,0.0,0.0,0.0
1986,Australia and New Zealand,9.0,1830.0,84000.0,0.0
1986,Caribbean,202.0,177642.0,76000.0,0.0
1986,Central America,22.0,33500.0,350.0,0.0
1986,Eastern Africa,0.0,28223.0,0.0,0.0
1986,Eastern Asia,327.0,9162000.0,1501210.0,0.0
1986,Melanesia,19.0,215000.0,15400.0,0.0
1986,Northern Africa,23.0,0.0,0.0,0.0
1986,Northern America,13.0,6500.0,55000.0,76000.0
1986,South America,158.0,925953.0,68400.0,0.0
1986,South-Eastern Asia,396.0,130392.0,13556.0,0.0
1986,Southern Asia,611.0,449485.0,1968034.0,400.0
1986,Southern Europe,2.0,1000.0,20000.0,0.0
1987,Australia and New Zealand,0.0,700.0,0.0,0.0
1987,Caribbean,42.0,35760.0,36500.0,0.0
1987,Central America,100.0,6500.0,0.0,0.0
1987,Eastern Africa,0.0,0.0,0.0,0.0
1987,Eastern Asia,584.0,961000.0,22000.0,0.0
1987,Eastern Europe,0.0,0.0,501000.0,0.0
1987,Northern America,1.0,0.0,185000.0,0.0
1987,Northern Europe,0.0,0.0,0.0,0.0
1987,Russian Federation,110.0,20000.0,546000.0,0.0
1987,South America,493.0,197164.0,239000.0,0.0
1987,South-Eastern Asia,228.0,30576.0,72900.0,0.0
1987,Southern Africa,524.0,165000.0,765305.0,248000.0
1987,Southern Asia,4647.0,48351300.0,1703990.0,0.0
1987,Southern Europe,5.0,2000.0,1353000.0,0.0
1987,Western Asia,9.0,1500.0,10000.0,0.0
1987,Western Europe,23.0,0.0,0.0,34700.0
1988,Australia and New Zealand,17.0,1958.0,68055.0,0.0
1988,Caribbean,50.0,1284850.0,440.0,0.0
1988,Central America,59.0,70260.0,9000.0,0.0
1988,Eastern Africa,93.0,75368.0,0.0,0.0
1988,Eastern Asia,1270.0,25525000.0,1963208.0,0.0
1988,Middle Africa,45.0,58450.0,0.0,0.0
1988,Northern Africa,96.0,1500000.0,0.0,0.0
1988,Northern America,2.0,0.0,15000.0,180000.0
1988,Northern Europe,0.0,280.0,0.0,0.0
1988,Russian Federation,0.0,0.0,0.0,0.0
1988,South America,904.0,7815480.0,1520000.0,0.0
1988,South-Eastern Asia,870.0,1272941.0,173746.0,0.0
1988,Southern Africa,33.0,12000.0,0.0,53000.0
1988,Southern Asia,4853.0,67632000.0,3494200.0,0.0
1988,Western Africa,183.0,171324.0,10200.0,0.0
1988,Western Asia,13.0,1000.0,0.0,0.0
1988,Western Europe,16.0,3800.0,500000.0,0.0
1989,Australia and New Zealand,9.0,154.0,0.0,0.0
1989,Caribbean,0.0,24930.0,0.0,0.0
1989,Central America,60.0,0.0,0.0,0.0
1989,Eastern Africa,81.0,1144656.0,1100.0,0.0
1989,Eastern Asia,2013.0,100001142.0,2789000.0,0.0
1989,Melanesia,10.0,0.0,0.0,0.0
1989,Middle Africa,0.0,100000.0,0.0,0.0
1989,Russian Federation,17.0,0.0,640000.0,0.0
1989,South America,247.0,730000.0,15000.0,0.0
1989,South-Eastern Asia,62.0,369000.0,6000.0,0.0
1989,Southern Asia,2134.0,792400.0,37000.0,0.0
1989,Southern Europe,12.0,0.0,375000.0,0.0
1989,Western Africa,8.0,24435.0,0.0,0.0
1989,Western Asia,63.0,260000.0,33000.0,0.0
1990,Australia and New Zealand,12.0,6000.0,273700.0,0.0
1990,Caribbean,4.0,5000.0,0.0,0.0
1990,Central America,54.0,166211.0,146200.0,0.0
1990,Central Asia,0.0,280.0,0.0,0.0
1990,Eastern Africa,233.0,492000.0,280.0,0.0
1990,Eastern Asia,649.0,42189233.0,2541000.0,36200.0
1990,Middle Africa,23.0,15000.0,0.0,0.0
1990,Northern Africa,37.0,152000.0,242800.0,0.0
1990,Northern America,46.0,3350.0,53500.0,45000.0
1990,Russian Federation,19.0,23208.0,177900.0,0.0
1990,South America,116.0,43025.0,0.0,0.0
1990,South-Eastern Asia,449.0,743736.0,5568.0,0.0
1990,Southern Africa,22.0,0.0,0.0,0.0
1990,Southern Asia,518.0,2452500.0,83400.0,0.0
1990,Southern Europe,0.0,0.0,766100.0,0.0
1990,Western Asia,69.0,4500.0,150000.0,0.0
1991,Australia and New Zealand,0.0,248.0,0.0,0.0
1991,Caribbean,25.0,550000.0,30000.0,0.0
1991,Central America,36.0,185000.0,2000.0,0.0
1991,Eastern Africa,472.0,0.0,24000.0,0.0
1991,Eastern Asia,1915.0,206000000.0,8149120.0,0.0
1991,Eastern Europe,108.0,7000.0,50000.0,0.0
1991,Middle Africa,41.0,0.0,0.0,0.0
1991,Northern Africa,1.0,0.0,0.0,0.0
1991,Northern America,15.0,0.0,850000.0,1038000.0
1991,Russian Federation,2.0,42000.0,2022000.0,0.0
1991,South America,20.0,18500.0,2000.0,0.0
1991,South-Eastern Asia,517.0,1891450.0,294118.0,0.0
1991,Southern Asia,2632.0,11520450.0,931400.0,48000.0
1991,Western Africa,8.0,2000000.0,0.0,0.0
1991,Western Asia,50.0,18500.0,25000.0,0.0
1991,Western Europe,10.0,0.0,138000.0,0.0
1992,Caribbean,21.0,9927.0,202590.0,0.0
1992,Central America,2.0,8000.0,0.0,0.0
1992,Central Asia,1346.0,63500.0,300000.0,0.0
1992,Eastern Asia,550.0,211655.0,559100.0,0.0
1992,Eastern Europe,0.0,0.0,48100.0,0.0
1992,Melanesia,0.0,90000.0,0.0,0.0
1992,Northern Africa,21.0,0.0,900.0,0.0
1992,South America,178.0,370998.0,755800.0,2500.0
1992,South-Eastern Asia,207.0,1169721.0,198843.0,0.0
1992,Southern Asia,2973.0,13390363.0,5035330.0,200.0
1992,Southern Europe,14.0,36000.0,704300.0,0.0
1992,Western Europe,3.0,0.0,57700.0,8300.0
1993,Australia and New Zealand,1.0,15000.0,4600.0,0.0
1993,Caribbean,103.0,569290.0,151070.0,0.0
1993,Central America,487.0,345947.0,209700.0,0.0
1993,Central Asia,10.0,30300.0,136402.0,0.0
1993,Eastern Africa,56.0,251513.0,3510.0,0.0
1993,Eastern Asia,1231.0,11800.0,6088000.0,0.0
1993,Eastern Europe,147.0,379300.0,373000.0,0.0
1993,Melanesia,0.0,14000.0,2500.0,0.0
1993,Northern Africa,43.0,0.0,200.0,0.0
1993,Northern America,98.0,44100.0,12290000.0,930000.0
1993,Northern Europe,7.0,4100.0,225000.0,75000.0
1993,South America,252.0,300993.0,1126000.0,34000.0
1993,South-Eastern Asia,319.0,1509396.0,2049851.0,0.0
1993,Southern Africa,12.0,0.0,0.0,0.0
1993,Southern Asia,3343.0,145265613.0,8926610.0,0.0
1993,Western Africa,0.0,11066.0,0.0,0.0
1993,Western Asia,31.0,9000.0,1500.0,0.0
1993,Western Europe,10.0,113600.0,1280000.0,530000.0
1994,Australia and New Zealand,0.0,157.0,0.0,0.0
1994,Caribbean,12.0,38600.0,0.0,0.0
1994,Central America,163.0,2600.0,3000.0,0.0
1994,Central Asia,0.0,5000.0,0.0,0.0
1994,Eastern Africa,280.0,143000.0,5619.0,0.0
1994,Eastern Asia,1570.0,105904000.0,7576100.0,0.0
1994,Eastern Europe,95.0,822204.0,584000.0,0.0
1994,Middle Africa,45.0,16500.0,0.0,0.0
1994,Northern Africa,648.0,117825.0,140000.0,0.0
1994,Northern America,37.0,14000.0,700000.0,700000.0
1994,Northern Europe,7.0,700.0,236000.0,46900.0
1994,South America,148.0,98519.0,50000.0,2000.0
1994,South-Eastern Asia,1039.0,1832413.0,501387.0,0.0
1994,Southern Africa,0.0,11000.0,0.0,0.0
1994,Southern Asia,2508.0,13260700.0,409000.0,0.0
1994,Southern Europe,92.0,8000.0,9737700.0,0.0
1994,Western Africa,112.0,270500.0,66500.0,0.0
1994,Western Europe,15.0,545.0,493500.0,0.0
1995,Caribbean,0.0,33180.0,0.0,0.0
1995,Central America,54.0,36700.0,11500.0,0.0
1995,Eastern Africa,51.0,104225.0,500.0,0.0
1995,Eastern Asia,1686.0,131212000.0,21794300.0,79200.0
1995,Eastern Europe,2.0,1700000.0,3400.0,0.0
1995,Middle Africa,2.0,42300.0,0.0,0.0
1995,Northern Africa,798.0,38000.0,51200.0,0.0
1995,Northern America,19.0,120900.0,3318300.0,44000.0
1995,Northern Europe,1.0,4000.0,300000.0,126600.0
1995,South America,207.0,277500.0,3000.0,0.0
1995,South-Eastern Asia,1151.0,5603822.0,977842.0,0.0
1995,Southern Africa,227.0,8000.0,10000.0,0.0
1995,Southern Asia,3515.0,48933331.0,733052.0,0.0
1995,Southern Europe,4.0,5000.0,245000.0,0.0
1995,Western Africa,168.0,725408.0,15600.0,0.0
1995,Western Asia,69.0,1803300.0,91900.0,0.0
1995,Western Europe,2.0,0.0,200.0,0.0
1996,Australia and New Zealand,5.0,12700.0,336300.0,0.0
1996,Caribbean,24.0,11106.0,0.0,0.0
1996,Central America,13.0,104000.0,281000.0,0.0
1996,Central Asia,0.0,180000.0,0.0,0.0
1996,Eastern Africa,43.0,90100.0,0.0,0.0
1996,Eastern Asia,4333.0,153301865.0,21234500.0,0.0
1996,Eastern Europe,5.0,244060.0,334400.0,0.0
1996,Middle Africa,7.0,16000.0,0.0,0.0
1996,Northern Africa,193.0,106460.0,55000.0,0.0
1996,Northern America,82.0,243115.0,3449600.0,729900.0
1996,South America,27.0,243000.0,0.0,0.0
1996,South-Eastern Asia,489.0,7919889.0,715830.0,0.0
1996,Southern Africa,34.0,7000.0,6860.0,0.0
1996,Southern Asia,2364.0,14448774.0,240910.0,0.0
1996,Southern Europe,28.0,7550.0,621600.0,13000.0
1996,Western Africa,51.0,351901.0,0.0,0.0
1996,Western Asia,345.0,129000.0,1210000.0,0.0
1996,Western Europe,4.0,1380.0,11000.0,0.0
1997,Australia and New Zealand,0.0,600.0,0.0,0.0
1997,Caribbean,0.0,35000.0,0.0,0.0
1997,Eastern Africa,2946.0,2926153.0,14500.0,0.0
1997,Eastern Asia,1195.0,7300000.0,2509550.0,0.0
1997,Eastern Europe,115.0,253073.0,5771100.0,760000.0
1997,Middle Africa,0.0,26000.0,0.0,0.0
1997,Northern Africa,76.0,100000.0,1000.0,0.0
1997,Northern America,76.0,219950.0,7465000.0,452500.0
1997,Northern Europe,1.0,0.0,248400.0,0.0
1997,South America,418.0,405207.0,528087.0,0.0
1997,South-Eastern Asia,100.0,208650.0,76.0,0.0
1997,Southern Africa,0.0,300.0,0.0,0.0
1997,Southern Asia,2700.0,31921728.0,479220.0,6200.0
1997,Southern Europe,14.0,8400.0,160000.0,0.0
1997,Western Africa,0.0,51000.0,0.0,0.0
1997,Western Asia,41.0,82500.0,103500.0,2500.0
1997,Western Europe,3.0,5200.0,603500.0,69200.0
1998,Australia and New Zealand,20.0,15375.0,459000.0,85800.0
1998,Central America,432.0,30000.0,602700.0,0.0
1998,Central Asia,52.0,40935.0,68400.0,0.0
1998,Eastern Africa,141.0,1352600.0,20789.0,0.0
1998,Eastern Asia,4722.0,225275600.0,33242524.0,301200.0
1998,Eastern Europe,132.0,178150.0,264759.0,21000.0
1998,Middle Africa,0.0,20000.0,59.0,0.0
1998,Northern Africa,103.0,900000.0,40000.0,0.0
1998,Northern America,34.0,35100.0,1062000.0,713500.0
1998,Northern Europe,5.0,300.0,500000.0,249500.0
1998,South America,88.0,406300.0,1111000.0,0.0
1998,South-Eastern Asia,49.0,133530.0,13700.0,0.0
1998,Southern Asia,4681.0,45202261.0,5004100.0,0.0
1998,Southern Europe,3.0,900.0,0.0,0.0
1998,Western Africa,28.0,737189.0,0.0,0.0
1998,Western Asia,162.0,1205240.0,1000120.0,0.0
1998,Western Europe,1.0,2140.0,540000.0,3000.0
1999,Australia and New Zealand,0.0,350.0,0.0,0.0
1999,Caribbean,13.0,0.0,0.0,0.0
1999,Central America,728.0,1145805.0,456800.0,55000.0
1999,Central Asia,27.0,6366.0,6154.0,0.0
1999,Eastern Africa,71.0,94255.0,15100.0,0.0
1999,Eastern Asia,1351.0,105015544.0,9695400.0,1000.0
1999,Eastern Europe,46.0,178026.0,475080.0,11000.0
1999,Melanesia,2.0,0.0,43228.0,0.0
1999,Middle Africa,28.0,253506.0,0.0,0.0
1999,Northern Africa,50.0,235841.0,0.0,0.0
1999,Northern America,0.0,100.0,300.0,0.0
1999,Northern Europe,0.0,330.0,32680.0,0.0
1999,South America,30127.0,758547.0,3160003.0,400000.0
1999,South-Eastern Asia,1017.0,8675536.0,347267.0,0.0
1999,Southern Africa,27.0,2300.0,19600.0,0.0
1999,Southern Asia,1041.0,28135000.0,47400.0,0.0
1999,Southern Europe,11.0,60639.0,0.0,0.0
1999,Western Africa,219.0,528779.0,21215.0,0.0
1999,Western Asia,0.0,12250.0,0.0,0.0
1999,Western Europe,49.0,103900.0,1292000.0,707000.0
2000,Australia and New Zealand,0.0,600.0,266000.0,0.0
2000,Caribbean,18.0,675.0,0.0,0.0
2000,Central America,178.0,10600.0,1300.0,0.0
2000,Central Asia,0.0,2500.0,1500.0,0.0
2000,Eastern Africa,975.0,4915500.0,493100.0,1500.0
2000,Eastern Asia,460.0,1069500.0,7805366.0,990000.0
2000,Eastern Europe,13.0,141501.0,279395.0,55000.0
2000,Melanesia,4.0,0.0,0.0,0.0
2000,Middle Africa,49.0,70500.0,10000.0,0.0
2000,Northern Africa,50.0,1050.0,0.0,0.0
2000,Northern America,8.0,1646.0,286000.0,0.0
2000,Northern Europe,0.0,2040.0,5918150.0,75000.0
2000,South America,291.0,297266.0,330000.0,0.0
2000,South-Eastern Asia,1296.0,12890476.0,653136.0,0.0
2000,Southern Africa,96.0,386776.0,165050.0,50000.0
2000,Southern Asia,2488.0,53251573.0,1422800.0,0.0
2000,Southern Europe,71.0,60200.0,8125000.0,300000.0
2000,Western Africa,21.0,4656.0,6705.0,0.0
2000,Western Asia,2.0,1000.0,40000.0,0.0
2000,Western Europe,5.0,2300.0,0.0,0.0
2001,Australia and New Zealand,4.0,3970.0,225000.0,0.0
2001,Caribbean,28.0,14370.0,146000.0,0.0
2001,Central America,21.0,2437.0,0.0,0.0
2001,Central Asia,0.0,5858.0,0.0,0.0
2001,Eastern Africa,183.0,1955476.0,46338.0,0.0
2001,Eastern Asia,597.0,2561638.0,796400.0,0.0
2001,Eastern Europe,81.0,715105.0,1152000.0,35500.0
2001,Middle Africa,237.0,228691.0,1000.0,0.0
2001,Northern Africa,939.0,142300.0,304200.0,0.0
2001,Northern America,12.0,19300.0,33000.0,0.0
2001,Northern Europe,0.0,1740.0,0.0,0.0
2001,Polynesia,0.0,0.0,1500.0,0.0
2001,South America,204.0,709345.0,924900.0,0.0
2001,South-Eastern Asia,1125.0,4403145.0,150200.0,0.0
2001,Southern Africa,5.0,42656.0,0.0,0.0
2001,Southern Asia,1276.0,22915250.0,711724.0,0.0
2001,Southern Europe,26.0,11550.0,100000.0,0.0
2001,Western Africa,228.0,466815.0,3000.0,0.0
2001,Western Asia,45.0,2520.0,25000.0,0.0
2001,Western Europe,3.0,16881.0,132350.0,0.0
2002,Australia and New Zealand,0.0,300.0,500.0,0.0
2002,Caribbean,43.0,100085.0,21500.0,0.0
2002,Central America,64.0,238927.0,101550.0,0.0
2002,Central Asia,32.0,1248.0,2836.0,0.0
2002,Eastern Africa,211.0,605300.0,0.0,0.0
2002,Eastern Asia,1267.0,113260170.0,5073800.0,0.0
2002,Eastern Europe,229.0,588643.0,2982092.0,1200000.0
2002,Melanesia,0.0,3000.0,0.0,0.0
2002,Middle Africa,48.0,7500.0,0.0,0.0
2002,Northern Africa,146.0,118085.0,201500.0,0.0
2002,Northern America,26.0,145750.0,1013000.0,200500.0
2002,Northern Europe,1.0,1050.0,0.0,0.0
2002,South America,243.0,494762.0,319000.0,40000.0
2002,South-Eastern Asia,673.0,7138878.0,473469.0,200000.0
2002,Southern Africa,16.0,2500.0,0.0,0.0
2002,Southern Asia,926.0,44216745.0,113862.0,0.0
2002,Southern Europe,26.0,81574.0,830423.0,30000.0
2002,Western Africa,59.0,231219.0,40979.0,0.0
2002,Western Asia,106.0,3260.0,0.0,0.0
2002,Western Europe,61.0,395880.0,15190000.0,2598000.0
2003,Australia and New Zealand,1.0,470.0,77000.0,0.0
2003,Caribbean,74.0,218465.0,44720.0,0.0
2003,Central America,17.0,57400.0,20000.0,0.0
2003,Central Asia,6.0,975.0,20000.0,0.0
2003,Eastern Africa,257.0,744588.0,350000.0,0.0
2003,Eastern Asia,700.0,154370300.0,15336910.0,0.0
2003,Eastern Europe,3.0,1200.0,0.0,0.0
2003,Middle Africa,16.0,0.0,0.0,0.0
2003,Northern Africa,108.0,362000.0,184000.0,0.0
2003,Northern America,28.0,5670.0,158000.0,0.0
2003,Polynesia,6.0,0.0,50000.0,0.0
2003,South America,459.0,318250.0,1332210.0,0.0
2003,South-Eastern Asia,562.0,972328.0,131400.0,63000.0
2003,Southern Africa,3.0,12500.0,0.0,0.0
2003,Southern Asia,1580.0,10114662.0,198838.0,0.0
2003,Southern Europe,5.0,6586.0,1405000.0,100000.0
2003,Western Africa,40.0,241277.0,2570.0,0.0
2003,Western Asia,35.0,60000.0,55000.0,0.0
2003,Western Europe,10.0,27000.0,1500000.0,1010000.0
2004,Australia and New Zealand,7.0,8970.0,297500.0,70000.0
2004,Caribbean,3353.0,39040.0,0.0,0.0
2004,Central America,56.0,29854.0,3600.0,0.0
2004,Central Asia,0.0,400000.0,12000.0,0.0
2004,Eastern Africa,107.0,323885.0,0.0,0.0
2004,Eastern Asia,506.0,42730171.0,3962095.0,282000.0
2004,Eastern Europe,29.0,35862.0,56759.0,16000.0
2004,Melanesia,0.0,10600.0,0.0,0.0
2004,Middle Africa,31.0,332000.0,0.0,0.0
2004,Northern Africa,22.0,27545.0,0.0,0.0
2004,Northern America,1.0,6340.0,705500.0,480000.0
2004,Northern Europe,0.0,1000.0,96000.0,0.0
2004,South America,193.0,557162.0,370.0,0.0
2004,South-Eastern Asia,179.0,591232.0,253000.0,0.0
2004,Southern Africa,0.0,29960.0,0.0,0.0
2004,Southern Asia,2361.0,70975300.0,4976000.0,0.0
2004,Southern Europe,0.0,381100.0,18058.0,0.0
2004,Western Africa,107.0,29300.0,0.0,0.0
2004,Western Asia,30.0,8500.0,2156.0,0.0
2005,Australia and New Zealand,3.0,3000.0,130000.0,101000.0
2005,Caribbean,20.0,15528.0,0.0,0.0
2005,Central America,105.0,26330.0,32000.0,0.0
2005,Central Asia,11.0,31267.0,60322.0,0.0
2005,Eastern Africa,296.0,395691.0,6720.0,0.0
2005,Eastern Asia,805.0,34500352.0,4722860.0,0.0
2005,Eastern Europe,144.0,95454.0,1849420.0,0.0
2005,Melanesia,1.0,2493.0,0.0,0.0
2005,Middle Africa,4.0,0.0,0.0,0.0
2005,Northern Africa,17.0,156070.0,7256.0,0.0
2005,Northern America,57.0,23850.0,1087330.0,786000.0
2005,Northern Europe,0.0,400.0,0.0,0.0
2005,South America,363.0,952179.0,526100.0,0.0
2005,South-Eastern Asia,456.0,1137632.0,272515.0,0.0
2005,Southern Asia,3281.0,36889173.0,6220000.0,1000000.0
2005,Southern Europe,5.0,7795.0,5000.0,0.0
2005,Western Africa,80.0,73500.0,147.0,0.0
2005,Western Asia,92.0,5765.0,0.0,0.0
2005,Western Europe,14.0,8060.0,3020000.0,1705000.0
2006,Australia and New Zealand,0.0,2300.0,3000.0,0.0
2006,Caribbean,14.0,31190.0,0.0,0.0
2006,Central America,15.0,6640.0,8000.0,0.0
2006,Eastern Africa,1298.0,1716530.0,3200.0,0.0
2006,Eastern Asia,799.0,14633240.0,1803630.0,0.0
2006,Eastern Europe,60.0,69216.0,156266.0,0.0
2006,Melanesia,5.0,624.0,500.0,0.0
2006,Middle Africa,59.0,9370.0,0.0,0.0
2006,Northern Africa,45.0,223100.0,1200.0,0.0
2006,Northern America,41.0,77950.0,1478500.0,463500.0
2006,South America,232.0,696915.0,206800.0,0.0
2006,South-Eastern Asia,1175.0,4192476.0,187397.0,0.0
2006,Southern Africa,17.0,9460.0,224490.0,0.0
2006,Southern Asia,1915.0,3808350.0,3409000.0,407000.0
2006,Southern Europe,1.0,41030.0,5659.0,0.0
2006,Western Africa,52.0,21810.0,0.0,0.0
2006,Western Asia,115.0,123490.0,318300.0,0.0
2006,Western Europe,0.0,4516.0,0.0,0.0
2007,Australia and New Zealand,9.0,5000.0,1300000.0,680000.0
2007,Caribbean,73.0,126850.0,0.0,0.0
2007,Central America,72.0,1721725.0,3080000.0,700000.0
2007,Central Asia,22.0,18029.0,200.0,0.0
2007,Eastern Africa,233.0,2942663.0,171080.0,0.0
2007,Eastern Asia,1645.0,112052600.0,5323155.0,0.0
2007,Eastern Europe,24.0,19320.0,25752.0,0.0
2007,Melanesia,6.0,900.0,37000.0,0.0
2007,Middle Africa,161.0,240500.0,0.0,0.0
2007,Northern Africa,248.0,372800.0,343061.0,0.0
2007,Northern America,80.0,9270.0,728000.0,450000.0
2007,Northern Europe,14.0,340200.0,8448000.0,6299000.0
2007,South America,431.0,3987697.0,800000.0,0.0
2007,South-Eastern Asia,815.0,2111082.0,2738100.0,450000.0
2007,Southern Africa,7.0,53000.0,0.0,0.0
2007,Southern Asia,4362.0,53071942.0,841719.0,0.0
2007,Southern Europe,7.0,18486.0,400000.0,50000.0
2007,Western Africa,287.0,822281.0,0.0,0.0
2007,Western Asia,109.0,5750.0,0.0,0.0
2007,Western Europe,2.0,100.0,350000.0,280000.0
2008,Australia and New Zealand,7.0,8400.0,2065000.0,1545000.0
2008,Caribbean,0.0,20000.0,0.0,0.0
2008,Central America,192.0,764168.0,19697.0,0.0
2008,Central Asia,1.0,13000.0,130000.0,0.0
2008,Eastern Africa,260.0,316978.0,0.0,0.0
2008,Eastern Asia,367.0,7239000.0,2392000.0,120000.0
2008,Eastern Europe,46.0,239725.0,1000000.0,0.0
2008,Melanesia,0.0,75300.0,0.0,0.0
2008,Micronesia,0.0,600.0,0.0,0.0
2008,Middle Africa,31.0,113400.0,0.0,0.0
2008,Northern Africa,149.0,171791.0,348000.0,0.0
2008,Northern America,44.0,11034900.0,10002000.0,400000.0
2008,Northern Europe,8.0,3300.0,50000.0,0.0
2008,South America,387.0,3990732.0,2133000.0,470000.0
2008,South-Eastern Asia,430.0,4442970.0,552154.0,0.0
2008,Southern Africa,53.0,71500.0,1264.0,0.0
2008,Southern Asia,1886.0,13509075.0,248029.0,0.0
2008,Southern Europe,11.0,372.0,278000.0,0.0
2008,Western Africa,41.0,321780.0,0.0,0.0
2008,Western Asia,94.0,25000.0,400000.0,0.0
2009,Australia and New Zealand,7.0,9200.0,150000.0,12000.0
2009,Caribbean,28.0,17361.0,52403.0,0.0
2009,Central America,28.0,162103.0,0.0,0.0
2009,Central Asia,21.0,15000.0,1000.0,0.0
2009,Eastern Africa,127.0,820189.0,0.0,0.0
2009,Eastern Asia,235.0,45241000.0,1373094.0,0.0
2009,Eastern Europe,25.0,14600.0,250000.0,0.0
2009,Melanesia,33.0,18506.0,43247.0,0.0
2009,Middle Africa,69.0,232120.0,0.0,0.0
2009,Northern Africa,114.0,120955.0,0.0,0.0
2009,Northern America,11.0,9200.0,666000.0,200000.0
2009,Northern Europe,3.0,3900.0,484000.0,333000.0
2009,South America,284.0,2252052.0,600820.0,0.0
2009,South-Eastern Asia,243.0,2060936.0,29314.0,0.0
2009,Southern Africa,106.0,374956.0,0.0,0.0
2009,Southern Asia,1807.0,7201224.0,2514000.0,56000.0
2009,Southern Europe,35.0,13990.0,20000.0,0.0
2009,Western Africa,240.0,1009668.0,150000.0,0.0
2009,Western Asia,210.0,43100.0,1450000.0,250000.0
2009,Western Europe,1.0,0.0,220000.0,0.0
2010,Australia and New Zealand,35.0,186000.0,7409000.0,2548000.0
2010,Caribbean,51.0,59285.0,0.0,0.0
2010,Central America,296.0,1139878.0,16000.0,0.0
2010,Central Asia,119.0,31822.0,238576.0,0.0
2010,Eastern Africa,229.0,350164.0,0.0,0.0
2010,Eastern Asia,1921.0,140249785.0,18171000.0,61000.0
2010,Eastern Europe,91.0,217741.0,5071888.0,0.0
2010,Melanesia,2.0,16016.0,0.0,0.0
2010,Middle Africa,65.0,325739.0,0.0,0.0
2010,Northern Africa,105.0,386850.0,29000.0,0.0
2010,Northern America,20.0,1000.0,0.0,0.0
2010,Northern Europe,4.0,0.0,0.0,0.0
2010,South America,882.0,3436732.0,1972000.0,14000.0
2010,South-Eastern Asia,1025.0,13360252.0,1190789.0,0.0
2010,Southern Africa,8.0,110000.0,0.0,0.0
2010,Southern Asia,3138.0,25130988.0,11754000.0,100000.0
2010,Southern Europe,51.0,62350.0,1517000.0,70000.0
2010,Western Africa,232.0,2977818.0,30176.0,0.0
2010,Western Asia,51.0,70085.0,0.0,0.0
2010,Western Europe,31.0,690.0,1738146.0,1070000.0
2011,Australia and New Zealand,0.0,217.0,0.0,0.0
2011,Caribbean,40.0,15905.0,0.0,0.0
2011,Central America,225.0,1538303.0,1061913.0,0.0
2011,Central Asia,2.0,14368.0,67000.0,0.0
2011,Eastern Africa,126.0,413947.0,0.0,0.0
2011,Eastern Asia,760.0,93442093.0,10756130.0,195000.0
2011,Eastern Europe,0.0,14169.0,21015.0,0.0
2011,Middle Africa,130.0,99519.0,0.0,0.0
2011,Northern Africa,10.0,750.0,779000.0,0.0
2011,Northern America,22.0,27100.0,7400000.0,743000.0
2011,Northern Europe,2.0,600.0,325000.0,165000.0
2011,South America,1392.0,3589792.0,3358000.0,91000.0
2011,South-Eastern Asia,1631.0,15974916.0,41261489.0,10000000.0
2011,Southern Africa,174.0,705000.0,223000.0,0.0
2011,Southern Asia,1358.0,19213054.0,4657000.0,0.0
2011,Southern Europe,17.0,2400.0,545000.0,14000.0
2011,Western Africa,232.0,179909.0,4500.0,0.0
2011,Western Asia,32.0,1750.0,300000.0,80000.0
2011,Western Europe,10.0,2300.0,0.0,0.0
2012,Australia and New Zealand,4.0,16000.0,588000.0,277000.0
2012,Caribbean,44.0,32394.0,0.0,0.0
2012,Central America,21.0,48439.0,2000.0,0.0
2012,Central Asia,0.0,25956.0,760.0,0.0
2012,Eastern Africa,127.0,474752.0,105000.0,1000.0
2012,Eastern Asia,746.0,33168080.0,16398633.0,479000.0
2012,Eastern Europe,184.0,75347.0,621400.0,30000.0
2012,Melanesia,20.0,224381.0,116000.0,0.0
2012,Middle Africa,66.0,717026.0,12000.0,0.0
2012,Northern Africa,151.0,292000.0,0.0,0.0
2012,Northern America,2.0,1800.0,208000.0,0.0
2012,Northern Europe,8.0,3785.0,2946000.0,813000.0
2012,South America,142.0,609120.0,373100.0,0.0
2012,South-Eastern Asia,248.0,5003190.0,105330.0,5000.0
2012,Southern Africa,13.0,125650.0,200000.0,0.0
2012,Southern Asia,1217.0,15153391.0,2746200.0,0.0
2012,Southern Europe,15.0,14800.0,675000.0,260000.0
2012,Western Africa,495.0,7642952.0,694115.0,0.0
2012,Western Asia,41.0,101500.0,3000.0,0.0
2013,Caribbean,26.0,38096.0,153102.0,15000.0
2013,Central America,40.0,14149.0,0.0,0.0
2013,Eastern Africa,423.0,658135.0,73300.0,0.0
2013,Eastern Asia,693.0,8397633.0,16600600.0,406000.0
2013,Eastern Europe,31.0,1389865.0,1860552.0,385866.0
2013,Melanesia,0.0,45227.0,2000.0,0.0
2013,Middle Africa,9.0,34798.0,0.0,0.0
2013,Northern Africa,191.0,1083000.0,7000.0,0.0
2013,Northern America,35.0,129325.0,7977000.0,1850000.0
2013,Northern Europe,2.0,600.0,1500000.0,0.0
2013,South America,345.0,1357543.0,1850000.0,163000.0
2013,South-Eastern Asia,653.0,12972896.0,6521288.0,400000.0
2013,Southern Africa,12.0,18710.0,0.0,0.0
2013,Southern Asia,7139.0,5015385.0,2864000.0,500000.0
2013,Southern Europe,19.0,11211.0,780000.0,0.0
2013,Western Africa,113.0,559496.0,66724.0,0.0
2013,Western Asia,95.0,87603.0,0.0,0.0
2013,Western Europe,10.0,8550.0,14555000.0,2035000.0
2014,Caribbean,14.0,30300.0,0.0,0.0
2014,Central America,13.0,83461.0,1400.0,0.0
2014,Central Asia,25.0,15460.0,2000.0,0.0
2014,Eastern Africa,146.0,137235.0,24000.0,0.0
2014,Eastern Asia,490.0,23157500.0,9669000.0,0.0
2014,Eastern Europe,30.0,36817.0,395000.0,0.0
2014,Melanesia,47.0,79000.0,24000.0,0.0
2014,Micronesia,0.0,580.0,0.0,0.0
2014,Middle Africa,154.0,250000.0,15000.0,0.0
2014,Northern Africa,50.0,266000.0,0.0,0.0
2014,Northern America,2.0,108900.0,1819000.0,677000.0
2014,Northern Europe,0.0,540.0,624000.0,530000.0
2014,South America,200.0,1149592.0,270000.0,0.0
2014,South-Eastern Asia,173.0,1437637.0,1224000.0,20000.0
2014,Southern Africa,43.0,7585.0,85000.0,0.0
2014,Southern Asia,1898.0,12273645.0,18679000.0,150000.0
2014,Southern Europe,98.0,1080476.0,3321842.0,0.0
2014,Western Africa,97.0,175578.0,2000.0,0.0
2014,Western Asia,0.0,12000.0,0.0,0.0
2014,Western Europe,14.0,4000.0,303000.0,242000.0
2015,Australia and New Zealand,7.0,500.0,671000.0,0.0
2015,Caribbean,11.0,75939.0,0.0,0.0
2015,Central America,11.0,105052.0,0.0,0.0
2015,Central Asia,2.0,23472.0,5300.0,0.0
2015,Eastern Africa,668.0,2195371.0,403000.0,0.0
2015,Eastern Asia,364.0,1380981.0,8392000.0,650000.0
2015,Eastern Europe,7.0,3000.0,5800.0,0.0
2015,Melanesia,0.0,20000.0,0.0,0.0
2015,Middle Africa,128.0,223560.0,0.0,0.0
2015,Northern Africa,32.0,35000.0,0.0,0.0
2015,Northern America,98.0,28600.0,3402000.0,1700000.0
2015,Northern Europe,0.0,48000.0,1200000.0,1000000.0
2015,South America,260.0,1280421.0,1502000.0,500000.0
2015,South-Eastern Asia,273.0,2022301.0,568200.0,0.0
2015,Southern Asia,1306.0,19378278.0,3557000.0,755000.0
2015,Southern Europe,26.0,149700.0,363000.0,0.0
2015,Western Africa,153.0,272230.0,68000.0,0.0
2015,Western Asia,138.0,80320.0,25000.0,0.0
2015,Western Europe,20.0,0.0,924000.0,652000.0
2016,Australia and New Zealand,1.0,580.0,50000.0,0.0
2016,Caribbean,68.0,2901050.0,8500.0,0.0
2016,Central America,31.0,500500.0,25000.0,0.0
2016,Central Asia,4.0,12750.0,0.0,0.0
2016,Eastern Africa,337.0,809942.0,2700.0,0.0
2016,Eastern Asia,1375.0,61915415.0,31854000.0,572000.0
2016,Eastern Europe,8.0,14478.0,12000.0,0.0
2016,Melanesia,0.0,6600.0,0.0,0.0
2016,Middle Africa,163.0,7372.0,0.0,0.0
2016,Northern Africa,171.0,112000.0,0.0,0.0
2016,Northern America,54.0,91300.0,15150000.0,4033000.0
2016,South America,78.0,195999.0,1317000.0,50000.0
2016,South-Eastern Asia,270.0,6089686.0,557650.0,0.0
2016,Southern Africa,13.0,7500.0,280000.0,146000.0
2016,Southern Asia,1591.0,4031237.0,2866000.0,148000.0
2016,Southern Europe,35.0,47427.0,356000.0,0.0
2016,Western Africa,142.0,186536.0,0.0,0.0
2016,Western Asia,43.0,30665.0,0.0,0.0
2016,Western Europe,13.0,0.0,4400000.0,2130000.0
2017,Australia and New Zealand,0.0,2200.0,71000.0,65000.0
2017,Caribbean,31.0,50000.0,0.0,0.0
2017,Central America,28.0,104894.0,0.0,0.0
2017,Central Asia,0.0,7700.0,0.0,0.0
2017,Eastern Africa,50.0,80921.0,0.0,0.0
2017,Eastern Asia,273.0,12296110.0,9174100.0,390000.0
2017,Eastern Europe,0.0,15721.0,0.0,0.0
2017,Middle Africa,119.0,42890.0,2000.0,0.0
2017,Northern Africa,25.0,29935.0,0.0,0.0
2017,Northern America,32.0,19413.0,1900000.0,1020000.0
2017,Northern Europe,0.0,370.0,0.0,0.0
2017,Polynesia,0.0,4500.0,2000.0,0.0
2017,South America,259.0,2388727.0,3304000.0,380000.0
2017,South-Eastern Asia,365.0,6175269.0,1515155.0,31000.0
2017,Southern Africa,3.0,5952.0,0.0,0.0
2017,Southern Asia,1955.0,33012231.0,4227000.0,111000.0
2017,Southern Europe,24.0,28000.0,133900.0,48000.0
2017,Western Africa,115.0,1259929.0,10000.0,0.0
2017,Western Asia,57.0,869.0,0.0,0.0
2017,Western Europe,1.0,760.0,0.0,0.0
2018,Australia and New Zealand,0.0,700.0,36400.0,0.0
2018,Caribbean,0.0,157790.0,3700.0,0.0
2018,Central America,37.0,229168.0,0.0,0.0
2018,Central Asia,6.0,6125.0,0.0,0.0
2018,Eastern Africa,228.0,1010946.0,479100.0,0.0
2018,Eastern Asia,638.0,5787969.0,14094972.0,2400000.0
2018,Eastern Europe,10.0,68272.0,10000.0,0.0
2018,Middle Africa,59.0,3000.0,0.0,0.0
2018,Northern Africa,65.0,146255.0,36000.0,0.0
2018,Northern America,7.0,5596.0,775000.0,0.0
2018,South America,41.0,193670.0,53000.0,0.0
2018,South-Eastern Asia,331.0,660040.0,48000.0,0.0
2018,Southern Africa,0.0,4225.0,0.0,0.0
2018,Southern Asia,964.0,23414681.0,3030980.0,0.0
2018,Southern Europe,23.0,1504.0,150000.0,31000.0
2018,Western Africa,390.0,2205345.0,275000.0,0.0
2018,Western Asia,68.0,27643.0,10000.0,0.0
2018,Western Europe,14.0,4150.0,712000.0,405000.0
2019,Australia and New Zealand,3.0,9900.0,2000000.0,635000.0
2019,Caribbean,14.0,4280.0,0.0,0.0
2019,Central America,12.0,642.0,0.0,0.0
2019,Central Asia,4.0,6750.0,0.0,0.0
2019,Eastern Africa,499.0,2388013.0,0.0,0.0
2019,Eastern Asia,380.0,4888870.0,6705000.0,700000.0
2019,Eastern Europe,63.0,50362.0,486000.0,0.0
2019,Melanesia,2.0,0.0,0.0,0.0
2019,Middle Africa,114.0,670166.0,0.0,0.0
2019,Northern Africa,109.0,1307498.0,7100.0,0.0
2019,Northern America,11.0,36100.0,10800000.0,2710000.0
2019,Northern Europe,1.0,100.0,0.0,142000.0
2019,South America,292.0,1020433.0,0.0,0.0
2019,South-Eastern Asia,548.0,2226268.0,1363000.0,0.0
2019,Southern Africa,98.0,4500.0,50000.0,0.0
2019,Southern Asia,2739.0,21410909.0,12859000.0,400000.0
2019,Southern Europe,19.0,17169.0,2558000.0,684000.0
2019,Western Africa,163.0,446604.0,0.0,0.0
2019,Western Asia,82.0,343150.0,0.0,10000.0
2019,Western Europe,8.0,1100.0,0.0,0.0
2020,Australia and New Zealand,1.0,2700.0,1300000.0,0.0
2020,Central America,47.0,133020.0,0.0,0.0
2020,Central Asia,6.0,105690.0,0.0,0.0
2020,Eastern Africa,589.0,4547831.0,10000.0,0.0
2020,Eastern Asia,576.0,14651225.0,28021700.0,1850000.0
2020,Eastern Europe,7.0,56801.0,238861.0,0.0
2020,Melanesia,19.0,60900.0,0.0,0.0
2020,Middle Africa,139.0,381358.0,0.0,0.0
2020,Northern Africa,201.0,1977000.0,326000.0,0.0
2020,Northern America,2.0,25936.0,3575000.0,0.0
2020,Northern Europe,0.0,480.0,0.0,0.0
2020,South America,222.0,90674.0,595000.0,0.0
2020,South-Eastern Asia,238.0,1817172.0,128100.0,0.0
2020,Southern Africa,3.0,1200.0,0.0,0.0
2020,Southern Asia,3655.0,9025515.0,15968000.0,800000.0
2020,Southern Europe,13.0,19173.0,128000.0,0.0
2020,Western Africa,349.0,516082.0,128000.0,0.0
2020,Western Asia,110.0,190410.0,985000.0,0.0
2020,Western Europe,2.0,905.0,53000.0,0.0
2021,Australia and New Zealand,2.0,7380.0,2110000.0,410000.0
2021,Caribbean,10.0,13380.0,0.0,0.0
2021,Central America,39.0,70893.0,0.0,0.0
2021,Central Asia,7.0,18000.0,9000.0,0.0
2021,Eastern Africa,43.0,607266.0,0.0,0.0
2021,Eastern Asia,385.0,5907076.0,27261000.0,0.0
2021,Eastern Europe,10.0,28761.0,108000.0,0.0
2021,Middle Africa,64.0,263573.0,0.0,0.0
2021,Northern Africa,93.0,806875.0,0.0,0.0
2021,Northern America,57.0,1480.0,4250000.0,0.0
2021,Northern Europe,0.0,13500.0,0.0,0.0
2021,South America,126.0,2461892.0,130000.0,0.0
2021,South-Eastern Asia,75.0,1823660.0,75000.0,0.0
2021,Southern Africa,31.0,801.0,75000.0,0.0
2021,Southern Asia,699.0,1602594.0,100000.0,0.0
2021,Southern Europe,1.0,256.0,0.0,0.0
2021,Western Africa,84.0,183811.0,0.0,0.0
2021,Western Asia,95.0,234660.0,100000.0,0.0
2021,Western Europe,249.0,2490.0,0.0,5301930.0
